Name,Year,Movie
Henry,1915,The Birth of a Nation
Lillian,1915,The Birth of a Nation
Mae,1915,The Birth of a Nation
Miriam,1915,The Birth of a Nation
Elizabeth,1917,Cleopatra
Richard,1917,Cleopatra
Rex,1917,Cleopatra
Pamela,1917,Cleopatra
Cleopatra,1917,Cleopatra
Mabel,1918,Mickey
George,1918,Mickey
Laura,1918,Mickey
Lew,1918,Mickey
Mickey,1918,Mickey
Lon,1919,The Miracle Man
Betty,1919,The Miracle Man
Joseph,1919,The Miracle Man
J.M.,1919,The Miracle Man
Lillian,1920,Way Down East
Richard,1920,Way Down East
Mrs.,1920,Way Down East
Lowell,1920,Way Down East
Pomeroy,1921,The Four Horsemen of the Apocalypse
Josef,1921,The Four Horsemen of the Apocalypse
Bridgetta,1921,The Four Horsemen of the Apocalypse
Rudolph,1921,The Four Horsemen of the Apocalypse
Russell,1922,Robin Hood
Cate,1922,Robin Hood
Max,1922,Robin Hood
William,1922,Robin Hood
Robin,1922,Robin Hood
J.,1923,The Covered Wagon
Lois,1923,The Covered Wagon
Alan,1923,The Covered Wagon
Ernest,1923,The Covered Wagon
Errol,1924,The Sea Hawk
Brenda,1924,The Sea Hawk
Claude,1924,The Sea Hawk
Donald,1924,The Sea Hawk
John,1925,The Big Parade
RenÃ©e,1925,The Big Parade
Hobart,1925,The Big Parade
Claire,1925,The Big Parade
Charlton,1925,Ben-Hur
Jack,1925,Ben-Hur
Haya,1925,Ben-Hur
Stephen,1925,Ben-Hur
Ben-hur,1925,Ben-Hur
Harold,1926,For Heaven's Sake
Jobyna,1926,For Heaven's Sake
Noah,1926,For Heaven's Sake
Jim,1926,For Heaven's Sake
Clara,1927,Wings
Charles,1927,Wings
Richard,1927,Wings
Jobyna,1927,Wings
Al,1928,The Singing Fool
Betty,1928,The Singing Fool
Josephine,1928,The Singing Fool
Arthur,1928,The Singing Fool
Charles,1929,The Broadway Melody
Anita,1929,The Broadway Melody
Bessie,1929,The Broadway Melody
Egbert,1929,Sunny Side Up
Hannah,1929,Sunny Side Up
Ko,1929,Sunny Side Up
Jason,1929,Sunny Side Up
Louis,1930,All Quiet on the Western Front
Lew,1930,All Quiet on the Western Front
John,1930,All Quiet on the Western Front
Arnold,1930,All Quiet on the Western Front
Colin,1931,Frankenstein
Mae,1931,Frankenstein
John,1931,Frankenstein
Boris,1931,Frankenstein
Victor,1931,Frankenstein
Virginia,1931,City Lights
Florence,1931,City Lights
Harry,1931,City Lights
Al,1931,City Lights
Fredric,1932,The Sign of the Cross
Elissa,1932,The Sign of the Cross
Claudette,1932,The Sign of the Cross
Charles,1932,The Sign of the Cross
Naomi,1933,King Kong
Jack,1933,King Kong
Adrien,1933,King Kong
Thomas,1933,King Kong
Mae,1933,I'm No Angel
Cary,1933,I'm No Angel
Gregory,1933,I'm No Angel
Edward,1933,I'm No Angel
Diana,1933,Cavalcade
Clive,1933,Cavalcade
Una,1933,Cavalcade
Herbert,1933,Cavalcade
Mae,1933,She Done Him Wrong
Cary,1933,She Done Him Wrong
Owen,1933,She Done Him Wrong
Gilbert,1933,She Done Him Wrong
Maurice,1934,The Merry Widow
Jeanette,1934,The Merry Widow
Edward,1934,The Merry Widow
Marcel,1934,The Merry Widow
Clark,1934,It Happened One Night
Claudette,1934,It Happened One Night
Walter,1934,It Happened One Night
Roscoe,1934,It Happened One Night
Charles,1935,Mutiny on the Bounty
Clark,1935,Mutiny on the Bounty
Franchot,1935,Mutiny on the Bounty
Herbert,1935,Mutiny on the Bounty
Clark,1936,San Francisco
Jeanette,1936,San Francisco
Spencer,1936,San Francisco
Jack,1936,San Francisco
Roy,1937,Snow White and the Seven Dwarfs
Stuart,1937,Snow White and the Seven Dwarfs
Adriana,1937,Snow White and the Seven Dwarfs
Eddie,1937,Snow White and the Seven Dwarfs
Jean,1938,You Can't Take It With You
Lionel,1938,You Can't Take It With You
James,1938,You Can't Take It With You
Edward,1938,You Can't Take It With You
Thomas,1939,Gone with the Wind
Barbara,1939,Gone with the Wind
Vivien,1939,Gone with the Wind
Evelyn,1939,Gone with the Wind
Jack,1940,Pinocchio
Mel,1940,Pinocchio
Billy,1940,Pinocchio
Don,1940,Pinocchio
Clark,1940,Boom Town
Spencer,1940,Boom Town
Claudette,1940,Boom Town
Hedy,1940,Boom Town
Gary,1941,Sergeant York
Walter,1941,Sergeant York
Joan,1941,Sergeant York
George,1941,Sergeant York
Hardie,1942,Bambi
Stan,1942,Bambi
Bobette,1942,Bambi
Peter,1942,Bambi
Bambi,1942,Bambi
Greer,1942,Mrs. Miniver
Walter,1942,Mrs. Miniver
Teresa,1942,Mrs. Miniver
May,1942,Mrs. Miniver
Gary,1943,For Whom the Bell Tolls
Ingrid,1943,For Whom the Bell Tolls
Akim,1943,For Whom the Bell Tolls
Arturo,1943,For Whom the Bell Tolls
George,1943,This Is the Army
Joan,1943,This Is the Army
George,1943,This Is the Army
Alan,1943,This Is the Army
Bing,1944,Going My Way
Barry,1944,Going My Way
Frank,1944,Going My Way
James,1944,Going My Way
Nicolas,1945,Mom and Dad
Selma,1945,Mom and Dad
Anne,1945,Mom and Dad
Zackary,1945,Mom and Dad
Bing,1945,The Bells of St. Mary's
Ingrid,1945,The Bells of St. Mary's
Henry,1945,The Bells of St. Mary's
William,1945,The Bells of St. Mary's
Ruth,1946,Song of the South
Bobby,1946,Song of the South
James,1946,Song of the South
Luana,1946,Song of the South
Myrna,1946,The Best Years of Our Lives
Fredric,1946,The Best Years of Our Lives
Dana,1946,The Best Years of Our Lives
Teresa,1946,The Best Years of Our Lives
Jennifer,1946,Duel in the Sun
Joseph,1946,Duel in the Sun
Gregory,1946,Duel in the Sun
Lionel,1946,Duel in the Sun
Linda,1947,Forever Amber
Cornel,1947,Forever Amber
Richard,1947,Forever Amber
George,1947,Forever Amber
Gary,1947,Unconquered
Paulette,1947,Unconquered
Howard,1947,Unconquered
Boris,1947,Unconquered
Judy,1948,Easter Parade
Fred,1948,Easter Parade
Peter,1948,Easter Parade
Ann,1948,Easter Parade
Marius,1948,The Red Shoes
Jean,1948,The Red Shoes
Gordon,1948,The Red Shoes
Julia,1948,The Red Shoes
Olivia,1948,The Snake Pit
Mark,1948,The Snake Pit
Leo,1948,The Snake Pit
Celeste,1948,The Snake Pit
Hedy,1949,Samson and Delilah
Victor,1949,Samson and Delilah
George,1949,Samson and Delilah
Angela,1949,Samson and Delilah
Samson,1949,Samson and Delilah
Delilah,1949,Samson and Delilah
Cate,1950,Cinderella
Lily,1950,Cinderella
Richard,1950,Cinderella
Helena,1950,Cinderella
Noah,1950,King Solomon's Mines
Gabrielle,1950,King Solomon's Mines
Bob,1950,King Solomon's Mines
Jane,1950,King Solomon's Mines
Solomon,1950,King Solomon's Mines
Robert,1951,Quo Vadis
Deborah,1951,Quo Vadis
Leo,1951,Quo Vadis
Peter,1951,Quo Vadis
Lowell,1952,This Is Cinerama
Betty,1952,The Greatest Show on Earth
Cornel,1952,The Greatest Show on Earth
Charlton,1952,The Greatest Show on Earth
Dorothy,1952,The Greatest Show on Earth
Bobby,1953,Peter Pan
Kathryn,1953,Peter Pan
Hans,1953,Peter Pan
Bill,1953,Peter Pan
Peter,1953,Peter Pan
Richard,1953,The Robe
Jean,1953,The Robe
Victor,1953,The Robe
Michael,1953,The Robe
James,1954,Rear Window
Grace,1954,Rear Window
Wendell,1954,Rear Window
Thelma,1954,Rear Window
Bing,1954,White Christmas
Danny,1954,White Christmas
Rosemary,1954,White Christmas
Vera-Ellen,1954,White Christmas
Kirk,1954,"20,000 Leagues Under the Sea"
James,1954,"20,000 Leagues Under the Sea"
Paul,1954,"20,000 Leagues Under the Sea"
Peter,1954,"20,000 Leagues Under the Sea"
Peggy,1955,Lady and the Tramp
Larry,1955,Lady and the Tramp
Bill,1955,Lady and the Tramp
Verna,1955,Lady and the Tramp
Lady,1955,Lady and the Tramp
John,1955,Cinerama Holiday
Betty,1955,Cinerama Holiday
Fred,1955,Cinerama Holiday
Beatrice,1955,Cinerama Holiday
Henry,1955,Mister Roberts
James,1955,Mister Roberts
William,1955,Mister Roberts
Jack,1955,Mister Roberts
Robert,1955,Mister Roberts
Charlton,1956,The Ten Commandments
Yul,1956,The Ten Commandments
Anne,1956,The Ten Commandments
Edward,1956,The Ten Commandments
William,1957,The Bridge on the River Kwai
Alec,1957,The Bridge on the River Kwai
Jack,1957,The Bridge on the River Kwai
Sessue,1957,The Bridge on the River Kwai
Rossano,1958,South Pacific
Mitzi,1958,South Pacific
John,1958,South Pacific
Ray,1958,South Pacific
Charlton,1959,Ben-Hur
Jack,1959,Ben-Hur
Haya,1959,Ben-Hur
Stephen,1959,Ben-Hur
John,1960,Swiss Family Robinson
Dorothy,1960,Swiss Family Robinson
James,1960,Swiss Family Robinson
Janet,1960,Swiss Family Robinson
Manu,1960,Spartacus
Daniel,1960,Spartacus
Peter,1960,Spartacus
Lucy,1960,Spartacus
Spartacus,1960,Spartacus
Anthony,1960,Psycho
Vera,1960,Psycho
John,1960,Psycho
Janet,1960,Psycho
Norman,1960,Psycho
Marion,1960,Psycho
Norma,1960,Psycho
Sam,1960,Psycho
Lia,1960,Psycho
Milton,1960,Psycho
Rod,1961,One Hundred and One Dalmatians
J.,1961,One Hundred and One Dalmatians
Betty,1961,One Hundred and One Dalmatians
Martha,1961,One Hundred and One Dalmatians
Natalie,1961,West Side Story
Richard,1961,West Side Story
Russ,1961,West Side Story
Rita,1961,West Side Story
Peter,1962,Lawrence of Arabia
Alec,1962,Lawrence of Arabia
Anthony,1962,Lawrence of Arabia
Jack,1962,Lawrence of Arabia
Carroll,1962,How the West Was Won
Lee,1962,How the West Was Won
Henry,1962,How the West Was Won
Carolyn,1962,How the West Was Won
Eddie,1962,The Longest Day
Paul,1962,The Longest Day
Arletty,1962,The Longest Day
Jean-Louis,1962,The Longest Day
Elizabeth,1963,Cleopatra
Richard,1963,Cleopatra
Rex,1963,Cleopatra
Pamela,1963,Cleopatra
Cleopatra,1963,Cleopatra
Sean,1963,From Russia with Love
Daniela,1963,From Russia with Love
Pedro,1963,From Russia with Love
Lotte,1963,From Russia with Love
Audrey,1964,My Fair Lady
Rex,1964,My Fair Lady
Stanley,1964,My Fair Lady
Wilfrid,1964,My Fair Lady
Sean,1964,Goldfinger
Gert,1964,Goldfinger
Honor,1964,Goldfinger
Shirley,1964,Goldfinger
James,1964,Goldfinger
Julie,1964,Mary Poppins
Dick,1964,Mary Poppins
David,1964,Mary Poppins
Glynis,1964,Mary Poppins
Mary,1964,Mary Poppins
Julie,1965,The Sound of Music
Christopher,1965,The Sound of Music
Eleanor,1965,The Sound of Music
Richard,1965,The Sound of Music
Liesl,1965,The Sound of Music
Rolf,1965,The Sound of Music
Gretl,1965,The Sound of Music
Louise,1965,The Sound of Music
Max,1965,The Sound of Music
Kurt,1965,The Sound of Music
Michael,1966,The Bible: In the Beginning
Ulla,1966,The Bible: In the Beginning
Richard,1966,The Bible: In the Beginning
John,1966,The Bible: In the Beginning
Manuel,1966,Hawaii
Mateo,1966,Hawaii
Luz,1966,Hawaii
Antonia,1966,Hawaii
Elizabeth,1966,Who's Afraid of Virginia Woolf?
Richard,1966,Who's Afraid of Virginia Woolf?
George,1966,Who's Afraid of Virginia Woolf?
Sandy,1966,Who's Afraid of Virginia Woolf?
Virginia,1966,Who's Afraid of Virginia Woolf?
Neel,1967,The Jungle Book
Bill,1967,The Jungle Book
Ben,1967,The Jungle Book
Idris,1967,The Jungle Book
Mowgli,1967,The Jungle Book
Baloo,1967,The Jungle Book
Anne,1967,The Graduate
Dustin,1967,The Graduate
Katharine,1967,The Graduate
William,1967,The Graduate
Keir,1968,2001: A Space Odyssey
Gary,1968,2001: A Space Odyssey
William,1968,2001: A Space Odyssey
Daniel,1968,2001: A Space Odyssey
Barbra,1968,Funny Girl
Omar,1968,Funny Girl
Kay,1968,Funny Girl
Anne,1968,Funny Girl
Paul,1969,Butch Cassidy and the Sundance Kid
Robert,1969,Butch Cassidy and the Sundance Kid
Katharine,1969,Butch Cassidy and the Sundance Kid
Strother,1969,Butch Cassidy and the Sundance Kid
Butch,1969,Butch Cassidy and the Sundance Kid
Ali,1970,Love Story
Ryan,1970,Love Story
John,1970,Love Story
Ray,1970,Love Story
Burt,1970,Airport
Dean,1970,Airport
Jean,1970,Airport
Jacqueline,1970,Airport
Gene,1971,The French Connection
Fernando,1971,The French Connection
Roy,1971,The French Connection
Tony,1971,The French Connection
Topol,1971,Fiddler on the Roof
Norma,1971,Fiddler on the Roof
Leonard,1971,Fiddler on the Roof
Molly,1971,Fiddler on the Roof
Sean,1971,Diamonds Are Forever
Jill,1971,Diamonds Are Forever
Charles,1971,Diamonds Are Forever
Lana,1971,Diamonds Are Forever
Marlon,1972,The Godfather
Al,1972,The Godfather
James,1972,The Godfather
Richard,1972,The Godfather
Ellen,1973,The Exorcist
Max,1973,The Exorcist
Lee,1973,The Exorcist
Kitty,1973,The Exorcist
Paul,1973,The Sting
Robert,1973,The Sting
Robert,1973,The Sting
Charles,1973,The Sting
Steve,1974,The Towering Inferno
Paul,1974,The Towering Inferno
William,1974,The Towering Inferno
Faye,1974,The Towering Inferno
Cleavon,1974,Blazing Saddles
Gene,1974,Blazing Saddles
Slim,1974,Blazing Saddles
Harvey,1974,Blazing Saddles
Roy,1975,Jaws
Robert,1975,Jaws
Richard,1975,Jaws
Lorraine,1975,Jaws
Sylvester,1976,Rocky
Talia,1976,Rocky
Burt,1976,Rocky
Carl,1976,Rocky
Rocky,1976,Rocky
Mark,1977,Star Wars
Harrison,1977,Star Wars
Carrie,1977,Star Wars
Peter,1977,Star Wars
Luke,1977,Star Wars
Leia,1977,Star Wars
Han,1977,Star Wars
Anakin,1977,Star Wars
Ben,1977,Star Wars
John,1978,Grease
Olivia,1978,Grease
Stockard,1978,Grease
Jeff,1978,Grease
Roger,1979,Moonraker
Lois,1979,Moonraker
Michael,1979,Moonraker
Richard,1979,Moonraker
Sylvester,1979,Rocky II
Talia,1979,Rocky II
Burt,1979,Rocky II
Carl,1979,Rocky II
Rocky,1979,Rocky II
Mark,1980,The Empire Strikes Back
Harrison,1980,The Empire Strikes Back
Carrie,1980,The Empire Strikes Back
Billy,1980,The Empire Strikes Back
Luke,1980,The Empire Strikes Back
Leia,1980,The Empire Strikes Back
Han,1980,The Empire Strikes Back
Anakin,1980,The Empire Strikes Back
Ben,1980,The Empire Strikes Back
Harrison,1981,Raiders of the Lost Ark
Karen,1981,Raiders of the Lost Ark
Paul,1981,Raiders of the Lost Ark
Ronald,1981,Raiders of the Lost Ark
Indiana,1981,Raiders of the Lost Ark
Jones,1981,Raiders of the Lost Ark
Dee,1982,E.T. the Extra-Terrestrial
Henry,1982,E.T. the Extra-Terrestrial
Peter,1982,E.T. the Extra-Terrestrial
Robert,1982,E.T. the Extra-Terrestrial
Mark,1983,Return of the Jedi
Harrison,1983,Return of the Jedi
Carrie,1983,Return of the Jedi
Billy,1983,Return of the Jedi
Luke,1983,Return of the Jedi
Leia,1983,Return of the Jedi
Han,1983,Return of the Jedi
Anakin,1983,Return of the Jedi
Ben,1983,Return of the Jedi
Harrison,1984,Indiana Jones and the Temple of Doom
Kate,1984,Indiana Jones and the Temple of Doom
Jonathan,1984,Indiana Jones and the Temple of Doom
Amrish,1984,Indiana Jones and the Temple of Doom
Indiana,1984,Indiana Jones and the Temple of Doom
Jones,1984,Indiana Jones and the Temple of Doom
Michael,1985,Back to the Future
Christopher,1985,Back to the Future
Lea,1985,Back to the Future
Crispin,1985,Back to the Future
Marty,1985,Back to the Future
Emmett,1985,Back to the Future
Tom,1986,Top Gun
Kelly,1986,Top Gun
Val,1986,Top Gun
Anthony,1986,Top Gun
Nick,1986,Top Gun
Tom,1986,Top Gun
Charlotte,1986,Top Gun
Pete,1986,Top Gun
Michael,1987,Fatal Attraction
Glenn,1987,Fatal Attraction
Anne,1987,Fatal Attraction
Ellen,1987,Fatal Attraction
Dustin,1988,Rain Man
Tom,1988,Rain Man
Valeria,1988,Rain Man
Gerald,1988,Rain Man
Harrison,1989,Indiana Jones and the Last Crusade
Sean,1989,Indiana Jones and the Last Crusade
Denholm,1989,Indiana Jones and the Last Crusade
Alison,1989,Indiana Jones and the Last Crusade
Indiana,1989,Indiana Jones and the Last Crusade
Jones,1989,Indiana Jones and the Last Crusade
Patrick,1990,Ghost
Demi,1990,Ghost
Tony,1990,Ghost
Stanley,1990,Ghost
Arnold,1991,Terminator 2: Judgment Day
Linda,1991,Terminator 2: Judgment Day
Edward,1991,Terminator 2: Judgment Day
Robert,1991,Terminator 2: Judgment Day
Sarah,1991,Terminator 2: Judgment Day
John,1991,Terminator 2: Judgment Day
Connor,1991,Terminator 2: Judgment Day
Scott,1992,Aladdin
Robin,1992,Aladdin
Linda,1992,Aladdin
Jonathan,1992,Aladdin
Aladdin,1992,Aladdin
Jasmin,1992,Aladdin
Sam,1993,Jurassic Park
Laura,1993,Jurassic Park
Jeff,1993,Jurassic Park
Richard,1993,Jurassic Park
Alan,1993,Jurassic Park
Ellie,1993,Jurassic Park
Ian,1993,Jurassic Park
Rowan,1994,The Lion King
Matthew,1994,The Lion King
Niketa,1994,The Lion King
Jim,1994,The Lion King
Simba,1994,The Lion King
Nala,1994,The Lion King
Tom,1995,Toy Story
Tim,1995,Toy Story
Don,1995,Toy Story
Jim,1995,Toy Story
Woody,1995,Toy Story
Andy,1995,Toy Story
Sid,1995,Toy Story
Buzz,1995,Toy Story
Bruce,1995,Die Hard with a Vengeance
Jeremy,1995,Die Hard with a Vengeance
Samuel,1995,Die Hard with a Vengeance
Graham,1995,Die Hard with a Vengeance
Hans,1995,Die Hard with a Vengeance
John,1995,Die Hard with a Vengeance
Simon,1995,Die Hard with a Vengeance
Katya,1995,Die Hard with a Vengeance
Zeus,1995,Die Hard with a Vengeance
Charles,1995,Die Hard with a Vengeance
Will,1996,Independence Day
Bill,1996,Independence Day
Jeff,1996,Independence Day
Mary,1996,Independence Day
Leonardo,1997,Titanic
Kate,1997,Titanic
Billy,1997,Titanic
Kathy,1997,Titanic
Rose,1997,Titanic
Jack,1997,Titanic
Bruce,1998,Armageddon
Billy,1998,Armageddon
Ben,1998,Armageddon
Liv,1998,Armageddon
Liam,1999,Star Wars: Episode I The Phantom Menace
Ewan,1999,Star Wars: Episode I The Phantom Menace
Natalie,1999,Star Wars: Episode I The Phantom Menace
Jake,1999,Star Wars: Episode I The Phantom Menace
Luke,1999,Star Wars: Episode I The Phantom Menace
Leia,1999,Star Wars: Episode I The Phantom Menace
Han,1999,Star Wars: Episode I The Phantom Menace
Anakin,1999,Star Wars: Episode I The Phantom Menace
Ben,1999,Star Wars: Episode I The Phantom Menace
Harry,2001,Harry Potter and the Philosopher's Stone
Ron,2001,Harry Potter and the Philosopher's Stone
Hermione,2001,Harry Potter and the Philosopher's Stone
Fred,2001,Harry Potter and the Philosopher's Stone
George,2001,Harry Potter and the Philosopher's Stone
Ginny,2001,Harry Potter and the Philosopher's Stone
Albus,2001,Harry Potter and the Philosopher's Stone
Luna,2001,Harry Potter and the Philosopher's Stone
Sirius,2001,Harry Potter and the Philosopher's Stone
Bruce,2002,The Lord of the Rings: The Two Towers
Sean,2002,The Lord of the Rings: The Two Towers
John,2002,The Lord of the Rings: The Two Towers
Sala,2002,The Lord of the Rings: The Two Towers
Frodo,2002,The Lord of the Rings: The Two Towers
Samwise,2002,The Lord of the Rings: The Two Towers
Aragorn,2002,The Lord of the Rings: The Two Towers
Legolas,2002,The Lord of the Rings: The Two Towers
Arwen,2002,The Lord of the Rings: The Two Towers
Sauron,2002,The Lord of the Rings: The Two Towers
Elrond,2002,The Lord of the Rings: The Two Towers
Bilbo,2002,The Lord of the Rings: The Two Towers
Gandolf,2002,The Lord of the Rings: The Two Towers
Saruman,2002,The Lord of the Rings: The Two Towers
Noel,2003,The Lord of the Rings: The Return of the King
Ali,2003,The Lord of the Rings: The Return of the King
Sean,2003,The Lord of the Rings: The Return of the King
David,2003,The Lord of the Rings: The Return of the King
Frodo,2003,The Lord of the Rings: The Return of the King
Samwise,2003,The Lord of the Rings: The Return of the King
Aragorn,2003,The Lord of the Rings: The Return of the King
Legolas,2003,The Lord of the Rings: The Return of the King
Arwen,2003,The Lord of the Rings: The Return of the King
Sauron,2003,The Lord of the Rings: The Return of the King
Elrond,2003,The Lord of the Rings: The Return of the King
Bilbo,2003,The Lord of the Rings: The Return of the King
Gandolf,2003,The Lord of the Rings: The Return of the King
Saruman,2003,The Lord of the Rings: The Return of the King
Mike,2004,Shrek 2
Eddie,2004,Shrek 2
Cameron,2004,Shrek 2
Julie,2004,Shrek 2
Shrek,2004,Shrek 2
Fiona,2004,Shrek 2
Eric,2005,Harry Potter and the Goblet of Fire
Timothy,2005,Harry Potter and the Goblet of Fire
David,2005,Harry Potter and the Goblet of Fire
Daniel,2005,Harry Potter and the Goblet of Fire
Harry,2005,Harry Potter and the Goblet of Fire
Ron,2005,Harry Potter and the Goblet of Fire
Hermione,2005,Harry Potter and the Goblet of Fire
Fred,2005,Harry Potter and the Goblet of Fire
George,2005,Harry Potter and the Goblet of Fire
Ginny,2005,Harry Potter and the Goblet of Fire
Albus,2005,Harry Potter and the Goblet of Fire
Luna,2005,Harry Potter and the Goblet of Fire
Sirius,2005,Harry Potter and the Goblet of Fire
Johnny,2006,Pirates of the Caribbean: Dead Man's Chest
Orlando,2006,Pirates of the Caribbean: Dead Man's Chest
Keira,2006,Pirates of the Caribbean: Dead Man's Chest
Jack,2006,Pirates of the Caribbean: Dead Man's Chest
Jack,2006,Pirates of the Caribbean: Dead Man's Chest
Hector,2006,Pirates of the Caribbean: Dead Man's Chest
Elizabeth,2006,Pirates of the Caribbean: Dead Man's Chest
Will,2006,Pirates of the Caribbean: Dead Man's Chest
Johnny,2007,Pirates of the Caribbean: At World's End
Geoffrey,2007,Pirates of the Caribbean: At World's End
Orlando,2007,Pirates of the Caribbean: At World's End
Keira,2007,Pirates of the Caribbean: At World's End
Jack,2007,Pirates of the Caribbean: At World's End
Hector,2007,Pirates of the Caribbean: At World's End
Elizabeth,2007,Pirates of the Caribbean: At World's End
Will,2007,Pirates of the Caribbean: At World's End
Christian,2008,The Dark Knight
Heath,2008,The Dark Knight
Aaron,2008,The Dark Knight
Michael,2008,The Dark Knight
Bruce,2008,The Dark Knight
Alfred,2008,The Dark Knight
Sam,2009,Avatar
Zoe,2009,Avatar
Sigourney,2009,Avatar
Stephen,2009,Avatar
Jake,2009,Avatar
Parker,2009,Avatar
Trudy,2009,Avatar
Tom,2010,Toy Story 3
Tim,2010,Toy Story 3
Joan,2010,Toy Story 3
Ned,2010,Toy Story 3
Woody,2010,Toy Story 3
Andy,2010,Toy Story 3
Sid,2010,Toy Story 3
Buzz,2010,Toy Story 3
Ralph,2011,Harry Potter and the Deathly Hallows Part 2
Michael,2011,Harry Potter and the Deathly Hallows Part 2
Alan,2011,Harry Potter and the Deathly Hallows Part 2
Daniel,2011,Harry Potter and the Deathly Hallows Part 2
Harry,2011,Harry Potter and the Deathly Hallows Part 2
Ron,2011,Harry Potter and the Deathly Hallows Part 2
Hermione,2011,Harry Potter and the Deathly Hallows Part 2
Fred,2011,Harry Potter and the Deathly Hallows Part 2
George,2011,Harry Potter and the Deathly Hallows Part 2
Ginny,2011,Harry Potter and the Deathly Hallows Part 2
Albus,2011,Harry Potter and the Deathly Hallows Part 2
Luna,2011,Harry Potter and the Deathly Hallows Part 2
Sirius,2011,Harry Potter and the Deathly Hallows Part 2
Robert,2012,The Avengers
Chris,2012,The Avengers
Mark,2012,The Avengers
Chris,2012,The Avengers
Tony,2012,The Avengers
Steve,2012,The Avengers
Bruce,2012,The Avengers
Thor,2012,The Avengers
Clint,2012,The Avengers
Nick,2012,The Avengers
Pepper,2012,The Avengers
Maria,2012,The Avengers
Natalia,2012,The Avengers
Natasha,2012,The Avengers
Erik,2012,The Avengers
Kristen,2013,Frozen
Idina,2013,Frozen
Jonathan,2013,Frozen
Josh,2013,Frozen
Elsa,2013,Frozen
Anna,2013,Frozen
Olaf,2013,Frozen
Sven,2013,Frozen
Kristoff,2013,Frozen
Hans,2013,Frozen
Mark,2014,Transformers: Age of Extinction
Stanley,2014,Transformers: Age of Extinction
Kelsey,2014,Transformers: Age of Extinction
Nicola,2014,Transformers: Age of Extinction
Tessa,2014,Transformers: Age of Extinction
Cade,2014,Transformers: Age of Extinction
Harold,2014,Transformers: Age of Extinction
Su,2014,Transformers: Age of Extinction
Lucas,2014,Transformers: Age of Extinction
J.J.,2015,Star Wars: The Force Awakens
John,2015,Star Wars: The Force Awakens
Anthony,2015,Star Wars: The Force Awakens
Gwendoline,2015,Star Wars: The Force Awakens
Rey,2015,Star Wars: The Force Awakens
Kylo,2015,Star Wars: The Force Awakens
Luke,2015,Star Wars: The Force Awakens
Han,2015,Star Wars: The Force Awakens
Leia,2015,Star Wars: The Force Awakens
Finn,2015,Star Wars: The Force Awakens
Poe,2015,Star Wars: The Force Awakens
Chris,2016,Captain America: Civil War
Robert,2016,Captain America: Civil War
Scarlett,2016,Captain America: Civil War
Sebastian,2016,Captain America: Civil War
Steve,2016,Captain America: Civil War
Peter,2016,Captain America: Civil War
Tony,2016,Captain America: Civil War
Bucky,2016,Captain America: Civil War
"""TChalla""",2016,Captain America: Civil War
Natasha,2016,Captain America: Civil War
Wanda,2016,Captain America: Civil War
Clint,2016,Captain America: Civil War
Scott,2016,Captain America: Civil War
Mark,2017,Star Wars: The Last Jedi
Carrie,2017,Star Wars: The Last Jedi
Adam,2017,Star Wars: The Last Jedi
Daisy,2017,Star Wars: The Last Jedi
Rey,2017,Star Wars: The Last Jedi
Kylo,2017,Star Wars: The Last Jedi
Luke,2017,Star Wars: The Last Jedi
Han,2017,Star Wars: The Last Jedi
Leia,2017,Star Wars: The Last Jedi
Finn,2017,Star Wars: The Last Jedi
Poe,2017,Star Wars: The Last Jedi
Robert,2018,Avengers: Infinity War
Chris,2018,Avengers: Infinity War
Mark,2018,Avengers: Infinity War
Chris,2018,Avengers: Infinity War
Tony,2018,Avengers: Infinity War
Steve,2018,Avengers: Infinity War
Bruce,2018,Avengers: Infinity War
Thor,2018,Avengers: Infinity War
Nick,2018,Avengers: Infinity War
Pepper,2018,Avengers: Infinity War
Maria,2018,Avengers: Infinity War
Natalia,2018,Avengers: Infinity War
Natasha,2018,Avengers: Infinity War
Erik,2018,Avengers: Infinity War
Peter,2018,Avengers: Infinity War
Stephen,2018,Avengers: Infinity War
Rocket,2018,Avengers: Infinity War
Thanos,2018,Avengers: Infinity War
Shuri,2018,Avengers: Infinity War
Okoye,2018,Avengers: Infinity War
Gamora,2018,Avengers: Infinity War
Scott,2018,Avengers: Infinity War
Robert,2019,Avengers: Endgame
Chris,2019,Avengers: Endgame
Mark,2019,Avengers: Endgame
Chris,2019,Avengers: Endgame
Tony,2019,Avengers: Endgame
Steve,2019,Avengers: Endgame
Bruce,2019,Avengers: Endgame
Thor,2019,Avengers: Endgame
Clint,2019,Avengers: Endgame
Nick,2019,Avengers: Endgame
Pepper,2019,Avengers: Endgame
Maria,2019,Avengers: Endgame
Natalia,2019,Avengers: Endgame
Natasha,2019,Avengers: Endgame
Erik,2019,Avengers: Endgame
Peter,2019,Avengers: Endgame
Stephen,2019,Avengers: Endgame
Rocket,2019,Avengers: Endgame
Thanos,2019,Avengers: Endgame
Shuri,2019,Avengers: Endgame
Okoye,2019,Avengers: Endgame
Gamora,2019,Avengers: Endgame
Rene,1989,The Little Mermaid
Christopher,1989,The Little Mermaid
Jodi,1989,The Little Mermaid
Pat,1989,The Little Mermaid
Ariel,1989,The Little Mermaid
Sebastian,1989,The Little Mermaid
Triton,1989,The Little Mermaid
Eric,1989,The Little Mermaid
Chadwick,2018,Black Panther
Michael,2018,Black Panther
Lupita,2018,Black Panther
Danai,2018,Black Panther
"""TChalla""",2018,Black Panther
Erik,2018,Black Panther
Shuri,2018,Black Panther
Okoye,2018,Black Panther
"""WKabi""",2018,Black Panther
Mark,2003,The Italian Job
Charlize,2003,The Italian Job
Donald,2003,The Italian Job
Jason,2003,The Italian Job
Pete,2003,The Italian Job
Rob,2003,The Italian Job
Stella,2003,The Italian Job
John,2003,The Italian Job
Charlie,2003,The Italian Job
Steve,2003,The Italian Job
Mashkov,2003,The Italian Job
Yevhen,2003,The Italian Job
Humphrey,1942,Casablanca
Ingrid,1942,Casablanca
Paul,1942,Casablanca
Claude,1942,Casablanca
Ilsa,1942,Casablanca
Rick,1942,Casablanca
Victor,1942,Casablanca
Heinrich,1942,Casablanca
Ugarte,1942,Casablanca
Louis,1942,Casablanca
Carl,1942,Casablanca
Annina,1942,Casablanca
Billy,1989,When Harry Met Sally
Meg,1989,When Harry Met Sally
Carrie,1989,When Harry Met Sally
Bruno,1989,When Harry Met Sally
Harry,1989,When Harry Met Sally
Sally,1989,When Harry Met Sally
Audrey,1961,Breakfast at Tiffany's
George,1961,Breakfast at Tiffany's
Patricia,1961,Breakfast at Tiffany's
Buddy,1961,Breakfast at Tiffany's
Tiffany,1961,Breakfast at Tiffany's
Holly,1961,Breakfast at Tiffany's
Paul,1961,Breakfast at Tiffany's
Rusty,1961,Breakfast at Tiffany's
Sally,1961,Breakfast at Tiffany's
Reese,2001,Legally Blonde
Luke,2001,Legally Blonde
Selma,2001,Legally Blonde
Matthew,2001,Legally Blonde
Elle,2001,Legally Blonde
Chutney,2001,Legally Blonde
Warner,2001,Legally Blonde
Paulette,2001,Legally Blonde
Vivian,2001,Legally Blonde
Emmett,2001,Legally Blonde
Serena,2001,Legally Blonde
Judy,1939,The Wizard of Oz
Frank,1939,The Wizard of Oz
Ray,1939,The Wizard of Oz
Bert,1939,The Wizard of Oz
Dorothy,1939,The Wizard of Oz
Glinda,1939,The Wizard of Oz
